movie,imdb_id,year,award,gemini_context1_question1,gemini_context1_question2,gemini_context1_question3
The Shawshank Redemption,tt0111161,1995,Oscar,"Okay, here's the Letterboxd review:

**Shawshank Redemption: Not Quite Redeemed (2/5 stars)**

Okay, okay, before you @ me: I know this is a *classic*. Like, a required-viewing-at-some-point-in-your-life kind of classic. And I *wanted* to love it. I really did. But... ugh.

First of all, Morgan Freeman, as always, is a gem. His voice alone could sell me sand in the Sahara. And Tim Robbins is... fine. Plays the quiet, misunderstood type well, I guess. But honestly, the whole ""wrongfully convicted man finds hope and redemption in prison"" thing felt so... heavy-handed. Like, *aggressively* feel-good.

And the pacing? Lord. It felt like I was serving a life sentence *watching* the life sentence. I kept checking my phone, not gonna lie. I know, I know, it's a ""slow burn,"" but honey, this was more like a slow *smolder*.

The themes, while noble on paper (hope, friendship, perseverance), were just... so on the nose. Like, ""look at how resilient humans can be in the face of adversity!"" Yeah, I get it. But it felt so preachy and formulaic. Give me some nuance! Some messiness!

Also, let's talk about the female representation (or lack thereof). The whole movie revolves around the murdered wife that the main character is accused of killing. I guess it serves the purpose of creating a narrative, but it still sucks.

Maybe I'm just a cynical millennial who's seen too many movies, but this one just didn't land for me. It felt emotionally manipulative, saccharine, and ultimately, kinda boring. I guess I just needed more *edge* and less ""aw shucks, everything's gonna be alright!""

Sorry, not sorry. Off to watch something with more grit and less sentimentality. #Letterboxd #MovieReview #UnpopularOpinion #ShawshankRedemption #Overrated #SendHelpAndMaybeSomeRose
","Okay, here's a review of the movie based on the subtitles you provided, channeling the voice you described:

**Letterboxd Post - @SarahMillerNYC - 4 stars**

Okay, so I just got back from seeing *Pressure and Time* and...wow. Just...wow. I'm a *mess*, you guys. I knew going in it was a prison movie, and I usually love those, but this one just HIT differently. 

This isn't just another gritty, tough-guy-in-the-yard kinda thing.  It's like, yeah, there's that element for sure ‚Äì Red (the ""can get you anything"" guy) is instantly iconic, and Hadley, that brutal prison guard, is the kind of villain you simultaneously hate and are terrified by. But underneath it all, it's a story about hope, and resilience, and the unexpected bonds you can forge in the darkest of places. Which, okay, I'm a sucker for.

Andy Dufresne‚Ä¶oh man.  That opening courtroom scene? Chilling. The ""I'll see you in hell before I see you in Reno"" line? Just...*chef's kiss* of dramatic irony.  And then watching this sophisticated, buttoned-up banker navigate the brutal reality of Shawshank...it's fascinating and heartbreaking. It really makes you wonder, ""Is he guilty?  Or is this just the system crushing someone who doesn't fit?"" And the way they showed his struggle with that whole ""Sisters"" thing? Ugh, disturbing. But he's SO STRONG. I was rooting for him the entire time.

And Red and Andy's friendship?  Don't even get me started. The scene where they're drinking the beer on the roof? Pure cinematic sunshine. It's a tiny moment of freedom and humanity in a place designed to crush both.  The whole Mozart moment too! OMG! So good! Seriously tearing up now remembering it. 
But oh my god, when I thought there was a tragic ending? Whew!

But that ending...that *glorious* ending...I almost screamed in the theater.  Zihuatanejo, baby! The dream!  A warm place with no memory.  I'm pretty sure I'm going to be quoting ""Get busy living or get busy dying"" for the rest of my life. It's like this movie is a reminder that even when you feel trapped ‚Äì by your job, your relationships, *life* ‚Äì there's always a way to find your own little piece of paradise.

It‚Äôs funny, I went into this expecting a thriller, but what I got was something deeper. It‚Äôs a meditation on what it means to be truly free, even when you're behind bars. It makes you think about the walls we build around ourselves, and whether they're protecting us or just keeping us trapped. Honestly, it reminded me to check in with my own life and see if I'm truly doing what I love. It made me want to chase my dreams, no matter how improbable they might seem. 

Go see it. Bring tissues. And maybe a margarita for afterwards, because you're gonna need to celebrate the hope.
","Okay, here's the Letterboxd review, crafted just how you asked!

**_The Shawshank Redemption_ (1994)**

Okay, so I finally caved and watched this. I know, *I know*, I'm like the last person on Earth. And look, it's good, okay? Really good. Like, stand-up-and-applaud-at-the-screen good. But also, maybe *too* good?

I went in braced for inspirational bromance, and I got it, delivered with a side of profound existential dread. The thing that really got me was Red's character. Morgan Freeman's voice could make a grocery list sound like Shakespeare, but beyond that, his whole journey just wrecked me. The idea of being so institutionalized that freedom becomes terrifying? It's such a gut punch. Like, what if you reach for your dreams and find out you don't even know *how* to dream anymore? Makes you wanna re-evaluate your entire life, you know? (Or is that just the Tuesday night wine talking? ü§î)

Tim Robbins as Andy is quietly amazing. That quiet hope he clings to, even when the world (or, y'know, Shawshank) is actively trying to crush him, is honestly inspiring. But I think the movie's real power is in showing how that hope affects the people around him. It's contagious, even if it's also terrifying.

Honestly, the only thing holding me back from a full-blown five stars is that it felt a little‚Ä¶safe? Like, it hits all the right emotional beats, but maybe a little too perfectly? Still, a truly moving experience. Gonna go stare at the ocean now and contemplate my life choices. üåä

**Rating: 4/5 stars**
"
Brokeback Mountain,tt0388795,2006,Oscar,"Okay, so I just finished watching... well, let's just say it was a thing. A *thing* involving cowboys, sheep, and a whole lotta unresolved tension. I'm talking about [Movie Title], and honestly, I'm sitting here trying to figure out if I should laugh or cry. Maybe both? 

The premise was... promising. Two broke guys taking a sheepherding job in Wyoming. Gorgeous scenery, right? But the ""forbidden love"" storyline felt like it was trying way too hard to be Important. Like, did we *need* another tragic gay romance where everyone suffers for their desires? I'm emotionally exhausted. 

And the characters... *sigh*. I wanted to connect with them, I really did. But they were so frustratingly closed off! Like, communicate, people! Go to therapy! Stop staring at each other meaningfully in front of a campfire! All that simmering angst just made me want to shake them both.

Honestly, the only thing that kept me from completely losing it was the stunning landscape. Wyoming is gorgeous. Can someone just make a documentary about the scenery instead of this melodrama? 

Look, I get it, the director was trying to say something about repression and societal expectations. But the message got lost somewhere between the sheep bleating and the longing gazes. It felt like a missed opportunity, a gorgeous canvas wasted on a paint-by-numbers tragedy. Two stars. And those stars are strictly for the scenery. Maybe I'll go hiking to clear my head. Preferably somewhere without sheep.
","Okay, buckle up buttercups, because I just finished watching something that rearranged my insides in ways I wasn't prepared for. I'm talking about Brokeback Mountain. Yeah, *that* one. 

Okay, so I know I‚Äôm late to the party, like, almost 20 years late, but WOW. I went in expecting some gorgeous scenery (nailed it!) and maybe a touch of melancholy. I got a full-on emotional avalanche. My mascara is GONE.

The chemistry between Heath Ledger (Ennis) and Jake Gyllenhaal (Jack) is just‚Ä¶ palpable. Like, you can practically see the sparks flying even when they're just grunting at each other over a can of beans.  And those silences? Deafening. You just *know* what‚Äôs churning beneath the surface. It's a slow burn that escalates into a supernova of repressed feelings and stolen glances. 

It's not just about two cowboys hooking up. It's about societal expectations, the suffocating weight of masculinity, and the agonizing choice between living a lie and risking everything for a love that feels both forbidden and utterly, undeniably *right*.

I kept wanting to scream at Ennis, ""Just be *happy* dude!!"" But that's the point, isn't it? He's so crippled by fear ‚Äì fear of judgment, fear of violence, fear of‚Ä¶himself. It‚Äôs heartbreaking to watch him self-sabotage, even when you desperately want him to find a way out. Like, I legit spent half the movie just yelling at the screen (sorry to anyone else in the cinema at the time).

The ending?  Don‚Äôt even get me started. That closet scene with the shirts? My heart *shattered*. It's a simple image, but it speaks volumes about longing, loss, and a love that‚Äôs been preserved in amber, a painful reminder of what could have been. Ugh, I'm gonna go cry now.

Seriously though, if you haven't seen this, clear your schedule, grab a box of tissues the size of your head, and prepare to be emotionally wrecked. I'm giving it a solid 5/5 stars. It's a cinematic masterpiece that stays with you long after the credits roll.  And now if you excuse me, I need to go listen to some aggressively upbeat pop music to counteract all this angst.

 #BrokebackMountain #MovieReview #EmotionalRollercoaster #HeathLedger #JakeGyllenhaal #GayCinema #Heartbroken #FilmLover #Letterboxd #HighlyRecommend #BringTissues #ClassicFilm
","Okay, here's that Letterboxd review:

**Brokeback Mountain (2005) - 3/5 stars**

Okay, wow. Just‚Ä¶wow. I‚Äôm sitting here in my apartment, staring at the ceiling, and I think I just felt *feelings* for the first time in like, six months. Maybe that‚Äôs an exaggeration, but‚Ä¶ not by much.

*Brokeback Mountain* is one of those movies that you know is important, that you *should* watch, but I was honestly kind of avoiding it. I guess I thought I knew what I was getting into, some sort of ""tragic gay cowboy love story"" that probably would be emotionally manipulative. And it was sad, for sure, but in a way that also felt so‚Ä¶real? Like this wasn‚Äôt some agenda-driven tearjerker, but a glimpse into a messy, complicated, and very human relationship. 

Heath Ledger‚Ä¶ *god*. The way he conveyed so much with just a look, a twitch of his mouth‚Ä¶ It‚Äôs devastating. And Jake Gyllenhaal, too, brought this‚Ä¶ yearning, this almost desperate energy that just broke my heart. Their chemistry was undeniable, and the way they both struggled with their feelings, the time and place they were in, really got to me.

I'm not gonna lie, it was difficult to watch. The ending... I was a mess. It's a movie that stays with you, that makes you think about the lives lived, the love that was denied and lost, and maybe most of all the choices we make and how they shape our lives. I just want both of them to be happy.

Ugh, okay. Gotta go drink some water and rewatch *Booksmart* or something. Send help.
"
Avatar,tt0499549,2010,Oscar,"Okay, here's a Letterboxd-style review based on the subtitle text you provided:

**Avatar (2009) - ¬Ω ‚òÜ**

Okay, so I finally caved and watched *Avatar*. I know, I know, everyone saw this when I was still rocking Limited Too glitter and side ponytails (ok, maybe not). But like, I went in with an open mind, promise! And I *wanted* to like it. Epic sci-fi? Check. Pretty blue people? Check. Themes of environmentalism? Definitely check.

But‚Ä¶ ugh. Where do I even start? First of all, ""unobtanium""? Seriously? It sounds like something out of a bad 80s cartoon. The dialogue was like nails on a chalkboard, especially the cringey ""I see you"" stuff. Like, I get it, they're *deeply* connected. You don't need to beat me over the head with it every five minutes. 

And the characters? Jake Sully is basically a himbo with a spinal injury. Zero nuance, just a ""dumb grunt"" who suddenly becomes the Chosen One. Neytiri was fierce, I'll give her that, but their romance felt so forced and predictable. It's giving me ""white savior falls in love with the exotic native"" which... yikes.

Look, visually it's impressive, I guess. But all that CGI eye candy couldn't distract from the paper-thin plot and the completely uninspired message. ""Nature good, corporations bad."" Groundbreaking. üôÑ I spent half the movie rolling my eyes and the other half wondering if I had enough wine in the fridge to make it through. And let's not forget the ending. Please. Like I didn't see that coming from lightyears away. 

Plus, now I have to brace myself for the sequels. Maybe I'll just stick to rewatching *Arrival* instead. At least that movie makes me *feel* something other than secondhand embarrassment. #Avatar #Overrated #BluePeopleBlues #MyFaceHurtsFromEyeRolling
","Okay, here's a Letterboxd-style review based on the provided subtitles.

***

**@Cosmic Latte** - Posted: Last Night

Okay, *Avatar* (2009). Where do I even *begin*?  I finally caved and watched it. I know, I know, super late to the party, but tbh I think I needed to be the mess I am NOW to *fully* appreciate it.

First off, visually? Groundbreaking. No duh. But beyond the shiny CGI, there's this real emotional core that punched me right in the gut.  Like, I'm a sucker for a good ""fish out of water"" story anyway, but Jake Sully (ex-Marine turned blue alien hottie - don't judge me!) navigating Na'vi culture? Chefs kiss. It's like watching a privileged dude slowly realize he‚Äôs been living a lie, but with extra bioluminescence and seriously impressive archery skills.

And Neytiri? I‚Äôm obsessed.  Strong female characters who can also bring me to tears?  Sign me up.  The whole romance arc was predictable, yes, but the *emotional* arc?  That's where it got me. Seeing them connect through that whole ""I see you"" thing?  Suddenly I wanted to quit my job, move to the woods, and live off the grid‚Ä¶ or, y‚Äôknow, maybe just buy a houseplant. Baby steps.

The environmental themes, obviously, are super relevant.  The whole ""humans are greedy destroyers"" message? Not exactly subtle, but hey, sometimes you need a sledgehammer to the face to wake up. And watching Hometree fall? Devastating. Like a punch to the gut. I actually cried.

The ""warrior becomes one with nature"" trope has been done a million times, but Cameron somehow made it feel fresh.  Maybe it‚Äôs the desperation of the situation, the sheer *beauty* of Pandora, or just my own latent desire to ditch capitalism and connect with something real.

Anyway, yeah, I get it now. *Avatar* isn‚Äôt just a pretty face. It‚Äôs a cautionary tale wrapped in stunning visuals, with just enough heart to leave you feeling genuinely hopeful‚Ä¶and maybe a little sad for our own messed up planet.  4.5/5 stars.  Now accepting donations for my ""Escape to Pandora"" fund.
","Okay, here‚Äôs that Letterboxd-style review, just like you asked:

**Avatar (2009) - Watched November 7, 2024**
‚≠êÔ∏è‚≠êÔ∏è‚≠êÔ∏è

Okay, look, I *know*. I'm late to the Pandora party. Like, *really* late. I avoided *Avatar* for years because... blue cat people? Seriously? But it was on TV last night, and honestly, I was feeling a little emotionally masochistic, so I dove in.

And...it‚Äôs fine? Visually, it's still stunning, no question. The world-building is immersive, and I found myself getting genuinely sucked into the bioluminescence and floating mountains. I can see why this was such a *moment*.

But the story? Girl, the *story*. ""White dude becomes more native than the natives and saves the day"" is... well, it's a trope, isn't it? And Jake Sully is... not a particularly compelling hero. (Sorry, Sam Worthington, nothing personal).

But here's the thing: despite all the ""obvious"" plot points and the heavy-handed environmental message, the emotional core of *Avatar* is surprisingly effective. I got choked up when the Na'vi were mourning their home tree. Sue me. Maybe it's the state of the world right now, but the idea of a interconnectedness and respect for nature resonated more than I expected.

Plus, Zoe Saldana is EVERYTHING as Neytiri. I was far more invested in her emotional journey than Jake‚Äôs.

Overall: It‚Äôs a solid watch, if you've somehow managed to miss it. Just don't expect groundbreaking storytelling. Go for the visuals, stay for the blue cat-people feels. But maybe have a glass of wine handy‚Äîyou know, for emotional support üòâ #Avatar #Pandora #LateToTheParty #BlueCatPeople #LetterboxdReview #Movies #Film #ZoeSaldana #SamWorthington
"
Titanic,tt0120338,1998,Oscar,"Okay, here's a Letterboxd review, just like you asked, for a young professional woman in her late 20s.

---

**Titanic: More Like Titanic Bore-ing (2024)** üö¢üßäüò¥

So, last night I gave in and watched the infamous *Titanic* ""film."" Honestly, what was all the hype about? Three-plus hours of my life I‚Äôm never getting back. Supposedly, it's a sweeping romance? More like a sweeping indictment of early 20th-century classism, sprinkled with a healthy dose of drowning. 

Okay, okay, visually it's‚Ä¶ fine. I guess.  But the dialogue? Yikes.  ""I'm flying, Jack!"" Give me a break.  Also, can we talk about Billy Zane's villain?  He was so over-the-top cartoonish, I half-expected him to twirl his mustache.

And Rose? Girl needed some therapy, stat. I understand she feels trapped by her impending marriage and social expectations, but seriously? Leaning off the back of the boat? Girl is overly dramatic. Also the relationship she starts with Jack made no sense given what we know about him and his circumstances.

Maybe I'm just dead inside, but I didn't shed a single tear.  I mostly felt cold ‚Äì and not in a ""moved by the tragedy"" way, but in a ""this theatre AC is blasting"" way. The only part that almost got me was the old couple holding each other as their room flooded, but even then, I was thinking about the logistical nightmare of getting all that water out of the soundstage.

I think what really gets me is the utter lack of subtlety.  It's like Cameron took a sledgehammer to the theme of ""class divides"" and then just kept hammering for three hours. We *get it*, rich people bad, poor people free-spirited. Ugh.

The whole time, I was just thinking about how much better this story could have been in the hands of a director who understood nuance.  Or, you know, someone who wasn't obsessed with robot arms diving for diamonds.

Look, I love a good cry at the movies as much as anyone (seriously, I *wept* during *Past Lives*), but this just felt‚Ä¶ manufactured. Like, I was *supposed* to feel something, but the emotional manipulation was so blatant, it had the opposite effect.

Maybe I‚Äôm just jaded. Or maybe *Titanic* is just‚Ä¶overrated. ü§∑‚Äç‚ôÄÔ∏è I'm off to rewatch something actually good to cleanse my palate.

**Rating:** 1.5/5 stars (0.5 for the visuals, 1 for Leo‚Äôs cheekbones).

#titanic #overrated #movies #letterboxd #filmreview #badmovies #jaded #romance #drama #film
","Okay, here's a Letterboxd-style review based on those subtitles:

**Titanic (1997)**

Okay, so I finally caved and re-watched *Titanic* tonight. Don't judge, sometimes a girl just needs a good cry, okay? Plus, I was intrigued by this treasure hunter subplot in the beginning. The whole deep-sea diving thing felt like a modern, kinda cynical framing device until Old Rose showed up.  Then it just *wrecked* me (pun intended, I‚Äôm *so* sorry). 

Kate Winslet is a goddamn revelation.  The scene where she's like, ""I'd rather be his whore than your wife,""?  Chills. Literal chills.  And Leo? Baby-faced, artsy, and just the right amount of reckless. The way Jack just *sees* her... ugh, my standards are impossibly high because of this movie.

I'm not gonna lie, the historical inaccuracies bug me a *little* (as a modern, professional woman with access to the internet, that's my cross to bear), but the film's a straight emotional nuke. James Cameron knows how to orchestrate a love story that feels both epic and intensely personal.  I sobbed when Rose floated on that door and Jack froze beneath the waves. I'm not ashamed. A girl can dream of escaping her arranged marriage and finding love in the lower decks of a sinking ship, right? 

The ending? The reveal of old Rose still holding onto the *Heart of the Ocean* this whole time? *Throws tissue box across the room.* Yeah, I'm a mess.

Overall, it's a bit of a melodramatic masterpiece. I think that even with some flaws, the emotional core is so strong that this movie deserves a watch. I went in thinking I'd make fun of it and came out feeling like I was 15 again.  5/5 stars. Now if you'll excuse me, I'm going to go listen to Celine Dion and question all my life choices.
","Okay, here's that Letterboxd review you asked for:

**Titanic (1997) - ‚òÖ‚òÖ‚òÖ‚òÜ‚òÜ**

Okay, so I finally caved and watched *Titanic*. I know, I know, how could a self-proclaimed movie lover *not* have seen it? I just... avoided it. The hype was too much, the Celine Dion too inescapable. But tonight, feeling a little emotionally masochistic, I decided to dive in. üö¢üåä

And... it was fine. Spectacularly fine. Visually, it's obviously stunning. The recreation of the ship is insane, and the sinking scenes are genuinely terrifying. Leo and Kate? Gorgeous, obviously. Their chemistry is undeniable, even if their dialogue sometimes veers into cheesy territory. 

But here‚Äôs the thing: I wasn't *blown away*. Maybe it‚Äôs because I knew the ending going in, or maybe I'm just too cynical now to fully buy into the grand, sweeping romance. I found myself more invested in the side characters ‚Äì Molly Brown, the shipbuilder Mr. Andrews ‚Äì than in Jack and Rose's whirlwind love.

The whole ""class warfare"" narrative felt a little heavy-handed, TBH. Like, yes, the upper class were terrible, but also, weren‚Äôt they always going to be? The film is 3+ hours! Like it didn't need a subplot of Rose's engagement to a super rich guy or a theft mystery added as unnecessary dramatic tension.

What *did* get me, though, was the ending. That scene where old Rose is ""back"" on the Titanic with everyone she lost? Ugh. My cold, dark, millennial heart actually felt something. üò≠ And yeah, I shed a tear when she dropped the Heart of the Ocean into the sea. I'm only human!

So, *Titanic* ‚Äì a visually impressive spectacle with a timeless love story at its core. Worth a watch, definitely. Just maybe don't go in expecting a life-altering experience. Unless, of course, you‚Äôre, like, 14. Then, prepare to be *wrecked*. üòâ
"
"Crouching Tiger, Hidden Dragon",tt0190332,2001,Oscar,"Okay, here's that review, crafted with the specific persona and request in mind:

**Letterboxd Review: Crouching Tiger, Hidden Disappointment (or, Please Give Me Back My Two Hours)** ‚≠êÔ∏è

Okay, y'all, I *wanted* to love this. The visuals were pretty, sure.  I mean, who *doesn't* love watching people float gracefully amongst the bamboo trees? But honestly, the story felt so... thin.  Like gossamer wings on a really grumpy, emotionally constipated butterfly.

I was expecting some deep emotional exploration, some groundbreaking action, maybe even some hot forbidden romance. What I got was a lot of brooding, longing glances that went absolutely nowhere, and fighting scenes that felt way more choreographed than, well, *fight-y*. 

And the characters!  Li Mu Bai ‚Äì so stoic he might as well have been carved from granite, spent more time talking about leaving the warrior life than actually *doing* anything. Shu Lien deserved *so* much better.  She was clearly carrying the entire emotional weight of this film on her very capable shoulders, while Li Mu Bai just kind of, stood there. And Jen?  Girl needed a serious therapist and a nap. I just couldn‚Äôt connect with her; she was all fire and fury, and I felt so emotionally detached that it felt like I was watching a drama student's over-the-top performance.

It all built to this ""tragic"" ending that... didn't land for me. I think I'm too cynical because I literally just stared blankly at the screen. I felt a little bit cheated ‚Äì I had expected so much depth but it turned out so shallow that I could have swam in it.

Maybe it‚Äôs me. Maybe I went in with expectations that were too high because everyone raves about it. But for real, I think I‚Äôm gonna stick to re-watching *10 Things I Hate About You* when I want something with actual emotional resonance. At least Heath Ledger had a real smile.

P.S. Someone explain to me why everyone in these types of movies is so bad at just *saying what they feel*!  I swear, one direct conversation would have resolved 90% of the plot.  Maybe that's the real ""hidden dragon"" here: the crushing weight of unspoken feelings. Ugh.

","Okay, here's a Letterboxd review from the perspective you requested:

**Crouching Tiger, Hidden Feelings (and Dragons, Obvs)**

‚≠ê‚≠ê‚≠ê‚≠ê

Okay, so I finally got around to watching *Crouching Tiger, Hidden Dragon* and, like...wow. I'm both emotionally devastated and ready to learn sword fighting (though I'd probably just end up stabbing myself). Ang Lee, you sly dog, you got me good.

First of all, the visuals? Stunning. Every single frame is like a painting, even the fight scenes. And those fight scenes! Forget Marvel CGI battles, this is ballet with blades. The wire work is incredible, making it look like they're *actually* floating on air. I mean, I was holding my breath during the rooftop chase, convinced Shu Lien was gonna fall.

But beyond the spectacle, it's the *yearning* that got me. The unspoken desires simmering beneath the surface of every conversation between Li Mu Bai and Shu Lien? The way they both knew they were *meant* to be, but duty and tradition kept them apart? My heart *ached*. Why are all the hot, stoic warrior types so emotionally unavailable?! It's a TRAGEDY. I feel like I've been trained to also not have emotions, so I feel a connection.

And then there's Jen (Zhang Ziyi, who is always perfect), the rebellious bride-to-be who just wants to break free. I related *hard* to her desire for adventure and to choose her own path. I mean, okay, maybe I wouldn't steal a sword or learn martial arts from a murderous villain, but the *spirit* is there. (It's fine, my parents will never see this).

I especially loved the subplot with Dark Cloud. Their scenes were so raw and genuine. It gave a much needed level of vulnerability and levity to an otherwise very intense drama.

The ending... I won't spoil it, but let's just say I'm not crying, *you're* crying. It's a beautiful, bittersweet, and ultimately hopeful ending about the power of love and sacrifice. 

It's a little melodramatic, sure, and sometimes the dialogue is a bit clunky (I read the subtitles, so maybe it flows better in Mandarin?). But honestly, who cares when you're swept away by such a gorgeous and emotionally resonant story? Definitely adding this to my ""comfort movie"" rotation, right after I buy a sword and run away to the mountains.
","Okay, here's a Letterboxd-style review based on the provided subtitles.

**Crouching Tiger, Hidden Dragon (2000) - Dir. Ang Lee**

‚≠ê‚≠ê‚≠ê (3/5 stars)

Okay, so I *finally* got around to watching this. I know, I know, I'm late to the party. Everyone's been telling me for years, ""You HAVE to see it, it's a classic!"" And... yeah, it's pretty. Like, SERIOUSLY gorgeous. Ang Lee, you beautiful genius, you. The fight choreography? Chefs kiss. But... I don't know, I just wasn't *completely* swept away like I thought I would be.

The story is all about repressed emotions, duty, and the paths we *think* we're supposed to take versus what we actually *want*. Michelle Yeoh and Chow Yun-Fat are, predictably, incredible. The longing glances! The unspoken desires! I was practically screaming at the screen, ""JUST KISS ALREADY!"" But of course, it's way more complicated than that. Honor and tradition and all that jazz.

And then there's Zhang Ziyi as Jen, this young, rebellious noblewoman who steals a legendary sword and is just generally causing chaos. I get her frustration. Trapped in a life she doesn't want? Been there, girl. But honestly, sometimes I found her a little...bratty? Like, maybe take a *little* responsibility for the havoc you're wreaking?

The ending felt a bit... I don't know... abrupt? A bit like ‚Äú*Okay, we're out of time, let's just wrap this up!*‚Äù I think I needed a *little* more closure. I wanted to feel like everyone had found some semblance of peace, even if it was messy and imperfect.

Overall, it's a visually stunning film with some beautiful emotional beats, but it left me feeling a little...detached. Like I was admiring it from afar rather than being fully immersed. Maybe I just wasn't in the right headspace for it, or maybe the hype was just too high. I guess I wanted something a bit more‚Ä¶ cathartic? I dunno, maybe I'm just being picky. It's still worth watching, but don't go in expecting to have your mind completely blown.

P.S. - Anyone else think it's a little weird that everyone's so obsessed with this sword? Like, get over it, it's just a sword! People are dying! Focus, people! üòÇ
"
Nomadland,tt9770150,2021,Oscar,"Okay, here‚Äôs a Letterboxd review:

**_Nomadland_: House-less, but Soulless? üöêüí®**

Okay, so I just got back from *Nomadland*.  And listen, I *wanted* to love it. I really did. All the buzz, the Frances McDormand of it all... I was ready to be *moved*. What I got instead was...beige.

The story follows Fern, who is navigating life on the road after the economic downturn essentially wipes out her town.  Now, I‚Äôm all for stories about resilience and finding community in unexpected places. But the way this was executed?  It felt...exploitative, almost. Like it was using real people‚Äôs pain as wallpaper for a very pretty, but ultimately empty, narrative.

I feel like I was supposed to be profoundly affected by Fern‚Äôs journey, her quiet strength, and the makeshift family she finds among the ""nomads."" But the whole thing just felt‚Ä¶flat. Every character was a caricature of ""heartland America."" Every interaction felt staged and predictable. And Fern herself?  I respect the Oscar-bait performance, but honestly, I never felt like I really *knew* her. 

And don't even get me STARTED on the romantic subplot with Dave.  It felt so forced, so unnecessary, and ultimately just...another missed opportunity to dig a little deeper into Fern's actual *emotions*. I mean, the woman is grieving her husband and her *entire life* as she knew it. A little more vulnerability, a little less stoicism, would have gone a long way.

The visuals are stunning, I'll give it that. The sweeping landscapes, the golden hour shots... It's all very Instagram-worthy. But pretty pictures can't save a film from a lack of substance.

Maybe I'm just a jaded millennial, but I needed more than scenic vistas and vaguely inspirational platitudes. I needed something *real*. Instead, I felt like I was watching a beautifully shot, emotionally hollow advertisement for a life of ""freedom"" that, let's be honest, is often born out of economic desperation.

‚≠êÔ∏è¬Ω  (Half a star for the cinematography, and one for Swankie, who at least had some personality. ""Ratty.""  I felt that.)

#Nomadland #MovieReview #Letterboxd #Overhyped #FrancesMcDormand #SorryNotSorry #JustMyOpinion #VanLife #MaybeImTooEmotional
","Okay, just got back from seeing *Nomadland* and wow. ü•∫ Still processing, TBH.

I went in expecting a visually stunning road movie about the American West, and it delivered on that in spades. The cinematography is breathtaking ‚Äì all those wide-open landscapes and sunsets that make you feel incredibly small and insignificant in the best way possible.

But it's so much more than just pretty scenery. Frances McDormand is phenomenal (duh). She embodies Fern with such quiet dignity and a kind of weary resilience that just breaks your heart. She isn't some saintly figure; she's flawed and stubborn, and fiercely independent.  You really *feel* the weight of her loss, not just of her husband but of her entire town, Empire, Nevada. It‚Äôs like she's carrying the ghosts of the past with her, and it becomes painfully clear that ‚Äúhouseless‚Äù isn‚Äôt just a lifestyle choice for Fern ‚Äì it's a form of grieving.

There's this recurring theme of community that I really resonated with. The nomads aren‚Äôt just wandering aimlessly; they‚Äôre building a support system, a chosen family in the face of economic hardship and societal neglect.  Bob Wells' Rubber Tramp Rendezvous felt so real and poignant ‚Äì like a lifeline for people who‚Äôve been cast aside. I started tearing up at the stories shared around the campfire. Especially the one about the guy who worked for the company until the day he died and never got to use his sailboat!

I appreciated how the film avoided romanticizing the nomadic life.  It shows the hardships ‚Äì the constant grind of finding work, the physical toll on your body, the loneliness.  The scene with Swankie, where she talks about facing a terminal illness, was absolutely devastating.  It was so raw and unflinchingly honest about mortality and finding peace in nature. 

The ending‚Ä¶ ambiguous, as it should be. No neat resolutions or Hollywood happy endings here. Fern returns to Empire, but it's clear that her ""home"" is no longer a place, but a state of being. It‚Äôs about the connections she's made, the memories she carries, and the freedom she finds in the open road.

Honestly, *Nomadland* really got to me. It's a beautiful, melancholic, and deeply human story about loss, resilience, and finding your place in a world that's constantly changing. I think it's a must-see, especially if you‚Äôre feeling a little lost or adrift in your own life. Just be prepared to bring tissues (and maybe question your own life choices a little bit, haha). 4.5/5 stars.
","Okay, so I just saw *Nomadland*, and wow, I'm feeling...things. Like, a whole spectrum of things.  Chlo√© Zhao really knows how to tap into that quiet, persistent ache of being human, you know?  And Frances McDormand? A goddess.  She embodies Fern with such a weathered grace. 

It's about Fern, who loses everything in the economic collapse of her small Nevada town and chooses a nomadic life, traveling around in her van, working seasonal jobs, and connecting with other van-dwellers.  The landscape is stunning ‚Äì the desolate beauty of the American West really underscores the isolation and resilience of these people.  

There's something profoundly moving about watching these folks who've been essentially cast aside by society creating their own community, sharing resources, and finding solace in each other's stories.  Like, Bob Wells' whole ""lifeboat"" analogy? Hit hard.  It's not all sunsets and scenic vistas, though.  The film doesn‚Äôt shy away from the hard realities: the physical toll of the work, the precarity, the loneliness.  

Honestly, it was a bit *too* understated for me at times. Like, I wanted more *oomph,* more moments of real, raw emotion. The ending, especially, felt a little too ambiguous and open-ended. I appreciate the realism, but I was craving a bit more resolution, or maybe just a little more catharsis.

But, the film is worth seeing just for the quiet moments of connection that Fern has with other nomads. The real people featured in the film (Linda May, Swankie) are incredible. And the score is beautiful. 

Overall, it's a poignant and thought-provoking film, even though it didn‚Äôt quite resonate with me as deeply as I expected. 3/5 stars. I recommend watching it with someone you can have a thoughtful conversation with afterward. You'll probably need it. 
"
