All About Eve,tt0042192
Born Yesterday,tt0042276
Anatomy Of A Murder,tt0052561
Ben-Hur,tt0052618
Anne of The Thousand Days,tt0064030
Butch Cassidy And The Sundance Kid,tt0064115
All That Jazz,tt0078754
Apocalypse Now,tt0078788
Born on the Fourth of July,tt0096969
Dead Poets Society,tt0097165
American Beauty,tt0169547
The Cider House Rules,tt0124315
An Education,tt1174732
Avatar,tt0499549
1917,tt8579674
Ford v Ferrari,tt1950186
movie,tt1490017
Annie Get Your Gun,tt0042200
Broken Arrow,tt0115759
Butterfield,tt15415550
Exodus,tt0053804
Catch 22,tt7302900
Little Big Man,tt0065988
9 to 5,tt0080319
Airplane!,tt0080339
Back to the Future Part III,tt0099088
Die Hard 2,tt0099423
Cast Away,tt0162222
Dinosaur,tt0130623
Alice in Wonderland,tt1014759
Despicable Me,tt1323594
Bad Boys for Life,tt1502397
Demon Slayer Kimetsu no Yaiba - The Movie Mugen Train,tt11032374
