movie,imdb_id,year,award,chatgpt_context1_question1,chatgpt_context1_question2,chatgpt_context1_question3,chatgpt_context2_question1,chatgpt_context2_question2,chatgpt_context2_question3,chatgpt_context3_question1,chatgpt_context3_question2,chatgpt_context3_question3,chatgpt_context4_question1,chatgpt_context4_question2,chatgpt_context4_question3,chatgpt_context5_question1,chatgpt_context5_question2,chatgpt_context5_question3
Avatar,tt0499549,2010,Oscar,", watching Jake and Neytiri closely. Tsutey is scowling, clearly hostile towards Jake. Mo'at looks thoughtful, while Eytukan appears stoic and impassive. Neytiri gestures for Jake to eat, but he hesitates, unsure of the food. Neytiri rolls her eyes and takes a bite of the food, encouraging him to do the same. JAKE Okay, here goes nothing. He takes a hesitant bite, then smiles as he realizes it's actually tasty. JAKE Hey, not bad. 

As they eat, Neytiri begins to teach Jake some basic words in Navi, pointing at objects and repeating the words for him to practice. Jake struggles to pronounce them correctly, but Neytiri is patient and helps him improve. 

After dinner, Neytiri leads Jake to a secluded area of the tree, where they sit overlooking the forest below. Neytiri points out the various plants and animals, explaining their significance to the Navi culture. Jake listens intently, absorbing the information and starting to see the forest through new eyes. 

As they sit in the peaceful evening light, Neytiri suddenly stands up and moves gracefully, her movements fluid and elegant. She begins to dance, a traditional Navi dance that tells",", watching the interaction. Tsutey scowls, clearly displeased with Neytiri's assignment to teach Jake. Mo'at watches with a calm expression, seeming to assess their interactions. Eytukan looks stern but contemplative.

Jake tentatively begins to eat the food Neytiri has given him. It's a strange mix of exotic flavors and textures, but he finds it surprisingly delicious. Neytiri watches him intently, as if gauging his reaction to the food.

As the meal progresses, Neytiri starts to show Jake different plants and herbs, explaining their uses and significance to the Na'vi. She teaches him about their connection to nature, their rituals, and their way of life. Jake listens intently, trying to absorb as much as he can.

Throughout the evening, Jake and Neytiri's interactions become less tense, and they start to develop a mutual understanding. Neytiri sees that Jake is genuinely interested in learning about their culture, and Jake begins to see the beauty and complexity of the Na'vi way of life.

As the night wears on, the members of the clan begin to disperse to their sleeping quarters. Neytiri gestures for Jake to follow her to a secluded area of the tree where she has prepared a makeshift","in the center, talking quietly among themselves. Jake looks over at them and then back at Neytiri, who is watching him with a mix of curiosity and annoyance.

JAKE So, what exactly am I supposed to learn from you?

NEYTIRI You will learn our ways, how to speak, how to walk, how to see.

JAKE See what?

NEYTIRI See the world as we do. Understand the balance of all living things.

JAKE Sounds like a lot to take in.

NEYTIRI It is. But you have a strong heart, and that is a good start.

Jake nods, looking around at the clan members who are watching him intently. He starts to eat the food Neytiri brought him, trying to ignore the feeling of being an outsider in this foreign place.

The scene fades as Neytiri begins to speak to Jake about their way of life and the importance of harmony with nature. The camera pans out, showing the vastness of Hometree and the glowing bioluminescent forest around them. The night is alive with the sounds of the jungle, and Jake begins his journey of learning and understanding in this mysterious world.

End scene."," their own conversation to watch Jake and Neytiri. JAKE Why are they staring at us? NEYTIRI They know that you are my responsibility now. They do not trust you. Tsutey hates you JAKE And you? NEYTIRI I do not hate. I feel sorry for you. You are like a child, but you will never be one of us. JAKE So you are going to teach me, right? Neytiri nods, begrudgingly. NEYTIRI I will teach you the way of the Na'vi. But you must listen and learn, without question. JAKE Got it. I'm all ears. CUT TO: EXT. FOREST CLEARING DAY Neytiri stands on an exposed root, demonstrating a series of graceful, flowing movements with a long spear. Jake struggles to imitate her, his movements jerky and awkward in comparison. NEYTIRI No! Not like that. Watch me. Do as I do. Again. And again. JAKE I'm trying, but this is harder than it looks. Neytiri sighs in frustration, continuing to demonstrate the proper technique. CUT TO: EXT. JUNGLE DAY Neytiri leads Jake through the dense jungle, pointing out various plants and","their own food to watch Jake and Neytiri. Jake takes a bite of the food, unsure of what it is, but it tastes surprisingly good. He looks around at the villagers, seeing their curious expressions and feeling their eyes on him.

NEYTIRI (in Navi, subtitled) You must learn the ways of our people if you are to stay here, Jake Sully.

JAKE (in Navi, subtitled) I want to learn. I want to understand.

NEYTIRI (in Navi, subtitled) Good. Then we will begin tomorrow. Rest now.

Jake nods, feeling a mix of excitement and apprehension for what lies ahead. He finishes his meal and Neytiri leads him to a makeshift bed in a corner of the commons. Jake lies down, looking up at the glowing lights of the Hometree above him. He drifts off to sleep, feeling a sense of wonder at the world he has found himself in.

Overall, ""Avatar"" is a visually stunning film with a captivating story that immerses audiences in a vibrant and alien world. The characters are well-developed and the performances are engaging, particularly from the lead actors portraying the Na'vi people. The action sequences are thrilling and the special effects are top"," their meal to watch Jake with suspicion. Neytiri watches Jake closely as he tries the unusual food, some of which he finds surprisingly delicious. JAKE This isn't so bad. Neytiri nods, pleased that he's at least trying to adapt to their ways. JAKE So, what's next? Neytiri stands abruptly, indicating for Jake to follow her as she leads him out of the circle. They walk through the glowing forest, the bioluminescent plants casting an ethereal light around them. NEYTIRI You will learn to speak our language, to become one of us. Jake nods, determined to prove himself to Neytiri and earn her respect. JAKE I'm ready. Teach me everything. NEYTIRI And so it begins. The journey of a warrior dreamwalker. They disappear into the darkness of the forest, embarking on an adventure that will change both of their lives forever. The camera pans up to the sky, the stars twinkling above the great Hometree as the scene fades to black. The credits roll, setting the stage for the next chapter in Jake's incredible journey on Pandora."," watching Jake and Neytiri intently. Tsutey scowls, clearly not happy with the situation. Neytiri gestures for Jake to eat, and he tentatively picks up a piece of fruit and takes a bite. The Navi villagers watch in fascination as they observe Jake's awkward attempts to eat the unfamiliar food.

JAKE (awkwardly) So, uh, thanks for saving me back there. That was really something.

NEYTIRI (coldly) You would not thank me if you knew what they would do to you now.

JAKE (nervously) Uh, what do you mean?

NEYTIRI (without expression) If you did not know the ways of our people, you would be dead by now.

Jake is taken aback by her blunt statement, and Neytiri continues to watch him closely as he eats. The tension in the air is palpable as the Navi villagers observe this interaction between the outsider and their own. The sound of drums fills the air, adding to the ominous atmosphere of the Hometree.

Overall, the vibe in the Hometree is tense and Jake is feeling out of place and on edge. Neytiri's cold and distant demeanor only adds to his discomfort, and the watchful eyes"," watching Jake and Neytiri. Tsutey looks angry, Mo'at looks thoughtful, and Eytukan looks stern. Neytiri glares at Jake, as if daring him to mess up.

JAKE (under his breath) This should be interesting.

Neytiri gives him a warning look before turning back to her own food. Jake tentatively tries some of the unknown delicacies on his leaf plate, grimacing at the taste of some, but nodding in approval at others. Neytiri watches him with a mixture of amusement and annoyance.

JAKE (muttering) Not bad. A little strange, but not bad.

The meal finishes in tense silence, with the villagers eyeing Jake warily. Neytiri abruptly stands, indicating for Jake to follow her. She leads him to a secluded corner of the second level, away from the prying eyes of the others.

NEYTIRI (coldly) You have eaten with us. You have spoken with the Tsahik. Now you will learn our ways, Jake Sully. Follow me.

As Neytiri leads him deeper into Hometree, Jake can't suppress a feeling of excitement and apprehension. He knows that this encounter with the Na'vi will change his life forever"," watching the interaction between Neytiri and Jake. Tsutey looks particularly displeased, while Mo'at watches with interest. Eytukan remains stoic, observing silently.

Jake tentatively takes a bite of the food, finding it surprisingly delicious. Neytiri watches him closely, her expression unreadable.

NEYTIRI You will not stay. You will learn, then go back.

JAKE Go back? But I, I want to stay. I want to learn more about your culture.

NEYTIRI This is not your place. You do not belong here.

JAKE Can't I at least try to prove myself? Show you that I can learn, that I can respect your ways?

NEYTIRI You are not one of us. You do not understand. You will never understand.

Jake's expression falls, hurt by Neytiri's rejection. He looks around at the Navi people, feeling like an outsider in their midst.

JAKE I may not be one of you, but I want to learn. I want to be a part of this world, even if just for a little while.

NEYTIRI (softening slightly) We will see. But you must prove yourself first.

Jake nods, determined to show Neytiri and the","aring at Jake with a mix of curiosity and animosity. Jake tries to make eye contact with Neytiri, but she pointedly ignores him. JAKE So, what now? Do I just eat? NEYTIRI Eat, Jake Sully. You must love these white blobs and disgusting… He finishes the sentence with a long word in Na'vi, something inconceivable to pronounce. JAKE Oh, yeah. Its like a taste explosion. The blobs are really… He lifts his leaf and shoveling a steaming, unidentifiable mass into his mouth, gags, and barely manages to swallow. JAKE …Really something. CUT TO: EXT. HOMETREE NIGHT After dinner, Neytiri leads Jake to the edge of Hometree. Below them lies the GREAT WELL surrounded by bioluminescent plants and WILDLIFE. The distant STARS twinkle in the night sky. Jake studies the scene, then looks at Neytiri thoughtfully. JAKE This is beautiful. Neytiri glances at him briefly before turning away. NEYTIRI It is sacred. JAKE So, what now? You gonna teach me, right? NEYTIRI I am not your teacher. You are not my student. JAKE","aring at Jake and Neytiri. Tsutey is especially hostile, his eyes boring into Jake with cold intensity. The meal is tense, with the entire clan casting sideways glances at Jake. Neytiri seems uncomfortable, but Jake tries to break the tension by engaging in small talk. 

After dinner, Neytiri leads Jake to his sleeping area, which is a hammock strung between two trees. She gives him a blanket and shows him how to tuck himself in for the night. 

As she turns to leave, Jake speaks up. 

JAKE Hey, Neytiri. I just want to thank you for saving my ass back there. I know we got off on the wrong foot, but I appreciate it. 

Neytiri pauses, looking at him with a mixture of surprise and something else that Jake can't quite place. 

NEYTIRI You are learning, Jake Sully. And I am grateful that you are alive. 

With that, she walks away, leaving Jake to settle into his hammock for the night. As he drifts off to sleep, he can't shake the feeling that his adventure on Pandora is only just beginning. 

FADE OUT. 

THE END.","ancing at Jake with suspicion and disdain. Eytukan gestures to Neytiri and speaks to her in Navi, his tone stern. Neytiri responds in a respectful but defiant manner. JAKE watches them, curious but unable to understand their conversation.

NEYTIRI finishes arranging the food in front of Jake and looks up at him, her expression softening. She gestures for him to eat and then turns to speak to the rest of the clan, explaining something about Jake and their encounter in the forest.

JAKE tentatively takes a bite of the food, finding it surprisingly delicious. He looks around at the villagers, who are now watching him with a mix of curiosity and apprehension. He tries to make small talk with Neytiri, but she remains mostly silent and unresponsive.

As the meal finishes, Neytiri stands up and gestures for Jake to follow her. She leads him to a secluded area of the tree, where she begins to teach him the words and phrases of the Navi language. Jake struggles at first, but eventually starts to pick up on the basic vocabulary.

NEYTIRI continues to teach Jake, showing him different plants and animals in the forest and explaining their significance to the Navi. She also teaches him about the spiritual connection that the N"," to watch the interaction between Jake and Neytiri. The rest of the clan members continue to eat in silence, their eyes flickering between the two.

NEYTIRI You should not be here. You bring trouble.

JAKE I know, I know. I just want to learn. To understand.

NEYTIRI You will never understand. You see only the surface.

JAKE I want to go deeper. To see what you see.

NEYTIRI (sighs) You are stubborn. Fine. I will teach you. But you must listen and learn.

JAKE I will. I promise.

The clan members murmur amongst themselves, intrigued by the exchange. Neytiri reluctantly begins to explain the ways of the Na'vi to Jake, who listens intently, eager to learn.

As the meal continues, the atmosphere becomes more relaxed, with Neytiri and Jake sharing stories and laughter. The clan members start to warm up to Jake, seeing his genuine curiosity and willingness to learn.

As the night comes to a close, Neytiri and Jake part ways, with Neytiri giving him a stern look before disappearing into the darkness of Hometree.

Jake sits by himself, reflecting on the day's events and the new world he has been thrust into","at Jake and Neytiri. Tsutey looks particularly displeased, eyeing Jake with suspicion. Eytukan watches with a mixture of curiosity and concern, while Mo'at seems to be observing the interaction with a calm understanding.

JAKE looks around at the gathered clan members, feeling the weight of their stares. NEYTIRI gestures for him to eat, and he tentatively picks at the food, trying to navigate the unfamiliar flavors.

JAKE So, Neytiri, what do I need to learn?

NEYTIRI (impatiently) You need to learn to see. To truly see.

JAKE What does that mean?

NEYTIRI It means to see beyond what is in front of you. To understand the interconnectedness of all things. To feel the spirit of Eywa in everything around you.

Jake nods, trying to take in the wisdom of her words. The clan members continue their meal in silence, the atmosphere tense with unspoken questions and uncertainties.

As Jake eats, he can't shake the feeling that he has embarked on a journey that will change his life forever. The mysteries of Pandora and its inhabitants lay before him, waiting to be unraveled.

End scene."," to watch Jake and Neytiri. Tsutey in particular looks on with suspicion and disapproval. As Jake begins to eat the food Neytiri gave him, he looks around at the villagers staring at him. JAKE (under his breath) Well, this should be fun. Jake and Neytiri eat in silence, with Neytiri occasionally glancing at him with curiosity and distrust. The tension in the room is palpable, as the unfamiliar outsider sits among them. CUT TO: EXT. FOREST/STREAM DAY Neytiri takes Jake to a stream where they sit and watch the water flow by. Neytiri begins to speak, teaching Jake Navi words and phrases. NEYTIRI Skxawng. It is our word for fool. JAKE Skxawng. Got it. NEYTIRI Taronyu is a warrior. Maybe you are a Taronyu deep in here She touches Jakes chest, referring to his heart. JAKE (sarcastically) Oh yeah, warrior heart right here. NEYTIRI (smirking) Tsahaylu. It is the bond you will make with your direhorse. After a moment, Neytiri suddenly stands and walks to the edge of the stream. She gazes"
Brokeback Mountain,tt0388795,2006,Oscar,"CK at the corral gate. She smiles at him, a competitive and faintly flirtatious smile. JACK returns the smile, a bit shyly. A beat. LUREEN Where's your unsociable friend with the red hair? Jack grins, looks over to where the BULLRIDERS and the CLOWNS are gathered. JACK ::He's around somewhere. Probably off trying to pull another bull off a cowpoke or something. LUREEN laughs, followed by a dry cough. LUREEN (joking) Well, he seems to be very good at that. JACK nods, they both look away. EXT: DEL MAR RANCH HOUSE: DAY: ENNIS, ALMA and the GIRLS. ENNIS is fixing a latch on -:he smal~ f'ieked gate. On the porch, a gaunt old woman, ENNIS's mother, is getting up from her rocking chair, evidently to go into the house. ALMA and ALMA JR. ry off to the truck. FRANCINE is giggling on the grass . I!JF. MAR let's the gate fall shut, walks :\p the porch. CONT:NUES l(CONTIWUED)"," ACK as the PEiO'iOTAPHER takes the picture. She, too, is given a buckle. ACK LADY ~iste::n .. I don't much like bein' kept awake nights thinkin' about pickin' up after you're messes. So you just stay off o:: me, hear? L:REA13 glares at JACK a sc::rl. JACK, ha;nd neady on his belt buckle, looks away, pretends.he hasn't heard, aS the PHOTOGRAPHER takEs the pic::ure of them. FADE OUT. THE ~:IT. ??='' == THE APPEIDIX. AFTER THE WAKE. CUT~ Ba:cle. A SStALL MOUNTAII MAIK. D.AllY IS B.NDLED .ll,YT.-.JRE IN ALROAD, HEAVY.fml:IG \l'.l.lT COIL SHA&: .. f:::tERiS, sleepless, breathin;z loud, studies the ASPE:t1D ""ilJTTEX A I~IDOW"" ""bYJiDOW"" = t, e bllt.llow, if 1:1eant jet blnck; Boy, 1n::nch intoth the ranch, 1:'nslltlJ.j'J'.cutI.:. TIlE in the vee Of the amla by night and d::..y, when an ~nconscIous grip:http>I:ap by night and chest clentrhc sl.llld ~. Dall.y'?.U c:Anfl:lt off kels her d:>fll :ears b;c.air.ing Bre:l.ths him, looking long; but.she doesn' t. c.tARIlJR All Requested but not squarelythem. JACK Yea:r. he didn't ali;:Jys chest. c::.t.KLR Now to ::nd I ovn the ranch Jack, we'll noi:ller \xher' s farIrland. nt,.nd. You know. ~l\'E the in ErniSi'JRbrea~ feels n1.y heroes close","ACK, who has just taken o::f his boots, so:kir.g his sore feet in a bucket of water. LUREEl~ offers hi~ a sneer .. J"""""".CK What are you looking at? I ain't tha cowboy you're here after, Lureen. LUREEN I don't know who yo~ think you're kiddin', honey. She so!:ily taps his bullridir.g buckle with her f:l!ger. LUR.EEN (cor.rt'd) I've seen the posers who bring buckles ::o rodeos l'i these Texas towns .. milk a lot of frozen ~eat. JACK Don't be an idiot. Most men chase their tails o:~e time or a:::ot, it doesn't mean a thing. She t.ar..ks her red fingernai;s against the buckle on his brachio;iethere's a hint of a smi e i1. JACK S face as if he's gotten away with som: thing. ~he fingernails stoprathe:: ride Lureen ... since Childress. ( CO~ilHJED) I    LINSUREEN L.ARELY: what? YOL.. never rode your Aricr. a the year?: She sttood and \\'i~ked, s:.rua. tipped hr back, neot chest:.ltjor a cn ju;t whited all uu. St bpstgenic;.\..  C'3C~ AT JACK: SUDD~ IY ou SSATHE: l:;ORSED"".£AD OFF A? TIlE:. IACK f;~\lAT'S MORE, I SAID £xli;.C? FRONT TENDl??LRT)~. JACK Tt)\T?'.LLYOFF APIII%,TIXAT£ST£,DGIRLSATA LL. JACK THOSE BLA~Bl~R'll SHIPPING L.!\.B LurenN. JACK WROTL3\S? COM o::I, Jc.:C:?; I ATE IT S:RE'ALLY G~v A UE. s:ED OF YOU. e-... S~ULDIBG SHAK","es, brushes some dirt from his shoulder. They exchange a few pleasantries, and then JACK invites her for a drink at the bar. Lureen accepts, and they walk together towards the bar, chatting and laughing. The rodeo arena fades into the background as they disappear into the night. 

FADE OUT. 

The screen goes black, the sound of cheering and clapping at the rodeo fades away. The complex emotions of love, loss, and longing linger in the minds of the audience, as the credits roll. ""Brokeback Mountain"" leaves a lasting impact, a poignant reminder of the power and complexity of human relationships.","es up to him. L:7REEN You Jack Twist? JACK (nodding) Where'd you get to, rodeo queen? L:7REEN Just thought I'd go check on that horse of mine. You the one that found my hat? JACK rakes it, looks at her, hands it back. JACK I'm Jack Twist. L:7REEN- Lureen Phillips. So they keep introduciri: themselves, shiverini. despite the warr. night. JACK (into his shoulder, weary, polite) Pleased to meet you, Ma'am. EXT: L.:RREEN'S HOUSE: CHILDRESS, TEXAS: DAY: The house is immaculate and ordered, with a little Halt tree in the front yard. Behind the house is a tree swing, and a welltended %:arden. Lureen outside, hangiri:: linens cu to dry. eats it into a box. She siri:.gs a sweet song, thoughtful. Find Fumes. strappi:ri: his ch:::gotcesa~drcrair.i. hisgear.S'r:Icildre.osst::.]/;:faJ.ED: HE'TE:{?iSEIEL.R takes ,1i'). swing, a~d roll:.;, J}J:C]<EN then all over him. leans, pi:lli.~ Spanks gets angry, SL:fI.IE#4 ... r- . LUR~""'fIl hoar you long t imer lover. Jack Twist.

L::::REN leans on a brooo: s:iillL' tic ..; but of a scrap with hir-.r.) Jack; D'Alexithy ;, 8ever7P . - .. ''''''""''*••• illear him amessage tc:a 
L..M if he wan is seDd 
-  
EXT: L.UREENlS HOUSE: CHIlDRE::3, lEXAS: DAY: W;.E SEE E::-l.IIS ap1roaching LUREE;i'""S house. H~osspe to5as. to the tensforea.?oea 1""th : stoop","The two make friendly small talk. Lureen comments on Jack's impressive ride, and he in turn compliments her performance in the barrel race. They share a moment of mutual admiration before Jack bids her farewell and gets into his truck. As he drives away, Lureen watches him go, a hint of curiosity and interest lingering in her gaze. She then turns back to the arena, ready to continue with the rest of the rodeo event. The scene captures a brief but meaningful encounter between two individuals in the world of rodeo, hinting at potential connections and relationships that may develop in the future.","CK. Looks at the buckle on his belt. LURREN That your's? JACK I won it. Conversations stutters as riGHTHAND ~oJ3PHOTOGR.kJ':IER are now focused on the cowboy convenielly in her .-rea. nGHTHAND PHOTOGR.\PIIER ...right over here ... (takes his hand by the wrist) And how about a smile from the bull-riding winner tonight, huh? JACK obliges, and smiles for the PHOTOGP.APH;.R :ioUNT:EP. LURREN (encouragingly) Jack, that's a real pretty buckle. You won the rodeo? JACK nods. LURREN Well ... con·r..ratulations . Greefets, folks ... TEXAS CHIL3RESS MEMORIAL DAY RODEO CH]
(JACK exits the arena, walks out onto the church, where LUREEN can be been talking to another cowboysIDER. He stans up to LUREEN.) JACK Hey, little lady .. you sure look like you could use a drink. 

(LUREEN blinks at JACK, then slides past him and walks away into the night.)

一个堂皎有两骑马，挑衅地用一鞭子抽了第二骑马的马腿，导致第二骑马:匿涩(;8)阳，侧还，猛然发起了反抗。第一个骑马，哭叫着，围绕着我骑马的第二骑马跑了起来。这样的话把我踢了一腿，抽了过去。袋子因病蹄而放弃:那种浪费时间之多!暴发了，给了他一巴掌，他躺倒在她身上和她身上。小牛。众?^碛i立在外面，四周，狡","CK as he packs up his gear.  ~:u:REe:: J..., do~s bo~td; I': woul~t c~re t;بhav: ur m:::h m~ney .::.:: :ack B:;t like to take eor:eyou scoot :""ver. ( to woo~en d:~sl Gotta ٍش tIa !:,""E:enises M:IAR;.JA"". ""ENNI.: but he kids .. :;hti::""g~""""'. PR.!.!EER يواط~, JAC~ can"" ' هlg;':jr~ٍ '': ~""- ~"""" 5fe treas~res )~ ýT~""تأتت~/tلق~2u「~- '''5'' ~يIرl!u -,, وIب~ل/ٍقت~ ~'' ،,:""_ول نتltن /بس.قت ~ت5و:/-ًل~rMt/ٌ ;:,; ;.;;:; ٍ`ٍن;د5ء..'''~ 2,''xl5S ;ب51رlل''9 ٍ;;5j8.: .وS9 ~!iqسب. ٍ.-;;نس lt5o.ٍقI;-55ل م :;:)بt5Pks مflI~. ب?ي''? 55s.78925ل N!U: bitfz ~.IJ5o5EME ~/l""S Iاب''i~اS ~J~;JG8يgّل بءG-M` f!x5... 5!s"":9جQ~و:)""""~/~ا/_r,""' fA: A ل''ا۱'' 5I:D ٍٍIa~O Iddلل, .. Li:'i :~ : ,.. !..!:. ل ''L.TJ~ ~l. Sي~ 1'"" ~....JI~I::t .. '''","CK as they wait for their pictures to be taken. JACK notices the way she fidgets with her sequined cuffs and feels a flash of empathy for the fine thread of nerves that binds them both. He inclines his head slightly to her, a silent gesture of recognition and shared humanity. She responds with a tiny nod, and they exchange a brief, wordless moment of understanding in the midst of the chaos and celebration of the rodeo. The PHOTOGRAPHER snaps their picture, then moves on to the next winner. JACK and LUREEN exchange a smile, a fleeting connection between two souls on separate paths in the vast, indifferent landscape of life. They part ways, each carrying their own burdens and dreams, their shared moment left behind as a memory of a simple, silent bond in the noise and rush of the rodeo world. Jack walks back to his truck, Lureen to her own destiny, their paths diverging once again as they each continue on their separate journeys into the unknown. The night settles over the rodeo arena, the stars glimmering in the vast expanse of the Texas sky, a quiet, timeless witness to the fleeting connections and quiet moments of understanding that can bridge the gaps between strangers, even in the midst of the wild, raucous world of the rodeo. And so the night unfolds, a tapestry of human experience woven with threads of camaraderie, empathy, and the silent beauty of shared humanity in the heart of the rodeo world.","ACK as the PHOTOGRAPHERR takes their pictuJ ~ l.  J; EK stands on the left, LUREEN on the right. The Ph but was bright and perfect. ey are caught in the flash, h standing there as if they were Doils, he with his new buckle and his tough, gaunt, scarred face and she with her beautiful chiseled face. ANNOUNCER (V.0.) Smile, right here, you guys, sir}ile ... Roxane ... right here .... : EXT: RODEO ARENA: CHILDRESS, TEXAS: NIGHT (MUCn LATER STILL): JACK opens the door of his pickup, tJr.ows his gear in and gets in. The arena is empty. The area is dark, save for a few pickup headlights. JACK puts the truck into gear, turns on the headlights and pulls out of the arena, past the shadows of the deserted bleachers. EXT: TEXAS HIGHWAY: MORNING: Ext morning light. Jack s pickup drives north, heading for Signal, Wzom1n;Relleven.akkng o:i,t thtepea.trle!:, '~ASYRupQrl~Rthll: gf, 8 dli'ta:bnce still there be!,fn:em !! ho.1ite hI!;!\ opeLI \VELst tAttc;pJiJn l~nin In ttn th B~e nmne,, enntsleet same old beaes roacto,:O: or c ats- on1~ 0e.,Ue!1ttt: dt:ea~k. MWp;k~ t 5<e,0~t~ !nl~, it~ pf?;S1 ~ .I}cgng£ EXT: SIGNAL, WYOMING: DAY: JACK'S pickup rattles powi'! the main street of Signal, the only street. Jack! the streets. The music is a sad, lonely harmonica. Gives a wave of tip his hat. for no particular reason, an empty pickup drives to the Jeep (CONTINUED)   ,  I    CONTINUED: EXT: RANCH HOUSE","CK at the concession stand. She glances at him. JACK keeps his eyes forwar.:, avoids looking at her. A &~u::,gu:sh over the PA syscem calls all contestants to the c.hutes to dr_w their bulls .. JACK's truck can be seen parked outsi.e the arena. JACK looks around him, finally mee.;s LUREEN'S eyes. She smiles, a ::ifficult smile, halfbeauty queen, halfreal perso:n. He can't hel.:> it, his charm co:;.es out. He sm;l~s bac.k, an<i she smii-.es even more, warmly. J !ll:iO leaves hi~ lind between the sale of hamburgers a~d the cbutes to the other side of the arena. JACK moves away but keeps glancing backwarN at LUREEN, who looks back at him over her shoulder once, then walks forward. JACK dcnms his hat down ~lr eyes, embarrassed, cr.barrassed, cut and shaved, .;i"":led, dumb feelle.:>S, head hung do,vn agaLr'\.st himself. _He rides out of town, to the taunt of a chorus of snicking country ar..ls. LOOKING DOWN THE ROAD INTO THE PORCH ABOVE A SMALL WYOMr:""_G COTTAGE: ENKIS, trim, dressed in a western outfit that is just a little nmre stylish, waits and watches from a distance as the truck rolls up and Lureen gets out. His hand is ready, to raise it, to greet he::. to help unload the trash bag with a beat :mount an red shoes that she's car,:y:r.g. DOESN'T HAPPEN: SHE COMES TOV.TI THE CURB. WA~ES WH~T LUKAS THE FINGER OF A FRIEND UPON ITSELF) goodbye (to you or cab). HEI'IiEAl!INES Shy wave, ti.::e hand withdraws. JACK STICKS HIS HAl' o::T THE WIN:$OW. J/-CK How about come '. 'long? I'm ch;.e~ing out to the","CK by the hot dog stand, where he is eating a d::g. The PHOTOGRAPHER motions for her to move in next to JACK . PHOTOGRAPHER That's it. Good. Smile. The bulldog stand man moves closer, puts his arm around LUREEN. Let's get one more. Does his 1ace, then her's. The PIIOTO~UAP.ER ':akes the pi~ure. PHOTOGRAPHER (brightly) Good. Good. She'll be next rodeo queen next year. JACK shots waves their congratulations, give:; an appreciative nod. JIMBO, nad::up isn't clearec off yet, :uns, ::oushed, grabs for hot :og buns, completely oblivicJus co what's happenin~ ....anax;a.comes o:>scu::.gLED up, shouting at Jlli,lBO. JA:m::O You ain't smart nuff to eat no bun ... no:: with::'.lt a smokin' hot dog in it. Go ~~eper ... JIMSO (grabs AI.EXSIA for a kiss) ra:r; I done won the heeler ropin' agai.n ... Alax::;ra's breath rounds the cur::lc;-.. an .. 7rist ... hurtling jack intoco. the sav-ing, seething survival of their world. (~(LOSE:)","J

ACK recognizes her from the barrel racing competition earlier. Lureen, aloof and detached, hardly seems to notice him. JACK, nervous and trying to make conversation, speaks up.

JACK
Nice ridin'. Saw you haulin' ass on them barrels.

Lureen glances at him, cool and uninterested.

LUREEN
Thanks.

JACK
You from Childress, then?

LUREEN
No.

JACK
Well, where you from?

LUREEN
Around.

JACK
Alright then. See you around.

Lureen nods curtly as JACK walks away. She watches him go, her expression unreadable.

The noise of the crowd, the cheers and applause, blends as the scene dissolves to show JACK driving away in his truck, the dust of the arena kicking up behind him. The lights of the rodeo fade into the distance as he heads off into the night. The image of Lureen's face lingers in his mind as he drives off into the unknown.","JACK looks over at her, a little surprised to see her in this setting. LUREEN smiles at him, a hint of recognition in her eyes. JACK smiles back, a brief moment of connection between them. The sound of the rodeo fades into the background as they share a look, a silent understanding passing between them. Then, with a nod and a small wave, JACK walks off into the night, leaving LUREEN behind, the moment hanging in the air. The camera pans out, capturing the vast expanse of the rodeo arena, the lights twinkling in the darkness, as the scene fades to black."," She looks him up and down, then extends her hand. LUREEN Lureen Phillips. JACK Jack Twist. LUREEN Jack Twist. Must be tough being a woman rodeoin' with all them rough guys. JACK It ain't easy, but I hold my own. LUREEN Looks like you did pretty good tonight. The PHOTOGRAPHER rushes over and takes a picture of Lureen and Jack together. 

And as they stand there, framed by the lights of the rodeo arena, a sense of admiration and understanding passes between them. Two individuals brought together by a common love for the rodeo, despite their differences. The night goes on with laughter and camaraderie, as Jack and Lureen find a connection in the midst of the rodeo world."
"Crouching Tiger, Hidden Dragon",tt0190332,2001,Oscar,"This movie is a mess. The dialogue is confusing and filled with cliches, the characters are one-dimensional and uninteresting, and the plot is convoluted and unengaging. The fight scenes are poorly choreographed and lack any real excitement or tension. The movie relies heavily on stereotypes and tired tropes, making it feel outdated and uninspired. The pacing is slow and the editing is choppy, making it difficult to follow the disjointed storyline. Overall, ""Screenplays for You"" is a disappointing and forgettable film that fails to deliver on any level.","I highly recommend this movie. The storyline is captivating, and the characters are complex and intriguing. The action sequences are thrilling, and the emotional depth of the film is truly moving. The performances of the actors are brilliant, especially in the intense scenes between the main characters. The cinematography is stunning, capturing the beauty and intensity of the martial arts world. Overall, this movie is a must-watch for anyone who enjoys a well-crafted, emotional story with captivating action sequences. Enjoy!","As a young woman who enjoys movies, your review may focus on the intense emotions and intricate character relationships portrayed in this film. You could discuss the themes of love, loss, and redemption, as well as the stunning visuals and compelling dialogue. Overall, you can emphasize the depth and complexity of the storyline while also noting the powerful performances by the actors. Your review can convey your appreciation for the film's artistry and depth of storytelling.","

The movie ""Crouching Tiger, Hidden Dragon"" is an absolute mess. From the convoluted storyline to the lackluster acting, this movie fails to deliver on every level. The dialogue is cheesy, the characters are one-dimensional, and the fight scenes lack any real impact. The pacing is slow and monotonous, making the movie feel like it drags on forever.

The screenplay is uninspired and lacks any real depth or originality. The characters are poorly developed, making it difficult to care about their fate. The plot twists are predictable and unimaginative, leaving the audience feeling bored and unengaged.

Overall, ""Crouching Tiger, Hidden Dragon"" is a forgettable movie that fails to deliver any real entertainment value. It's a shame to see such a talented cast wasted on such a lackluster film. Save yourself the trouble and skip this one.","""Crouching Tiger, Hidden Dragon"" is mesmerizing from start to finish, drawing audiences into a world of intense martial arts battles, poignant relationships, and captivating storytelling. The screenplay deftly weaves together themes of honor, love, and redemption, making for a compelling and emotional viewing experience.

The character development is exquisite, with each character exhibiting depth and complexity. Li Mu Bai's inner struggle and ultimate sacrifice, Yu's strength and determination, and Jen's journey of self-discovery all make for a rich and engaging narrative.

The action sequences are beautifully choreographed, showcasing the skill and artistry of the characters as they engage in breathtaking battles. The juxtaposition of the serene beauty of the setting with the intensity of the fight scenes creates a striking contrast that adds to the film's overall impact.

The emotional depth of the screenplay is palpable, as it explores themes of love, loss, and the search for redemption. The relationships between the characters are heartfelt and raw, drawing the audience in and evoking a strong emotional response.

Overall, ""Crouching Tiger, Hidden Dragon"" is a masterpiece of a film with a screenplay that is both powerful and poignant. It is a must-watch for any fan of martial arts films or compelling drama, offering a rich and rewarding viewing experience.","""Screenplays for You free movie scripts and screenplays"" is an intense film that delves deep into the world of martial arts, loyalty, and love. The film follows the journey of Jen, a skilled and conflicted fighter caught between her past and her future. Wang Du Lu's intricate plot weaves together themes of betrayal, revenge, and redemption. The screenplay by Wang Hui Ling, James Schamus, and Tsai Kuo Jung is rich in character development and emotional depth.

The cinematography beautifully captures the action sequences and the emotional turmoil of the characters. The fight scenes are choreographed with precision and grace, showcasing the skill and artistry of the martial arts. The film's setting in ancient China adds a sense of history and tradition to the story.

The performances of the cast are exceptional, with each actor bringing depth and complexity to their roles. Li Mu Bai's struggle with his past and his feelings for Yu is particularly poignant, while Jen's inner conflict is portrayed with intensity and vulnerability.

The film's ending is both heartbreaking and poetic, leaving the audience with a sense of bittersweet resolution. The themes of love, sacrifice, and honor resonate throughout the film, creating a powerful and moving experience for the viewer.

Overall, ""Screenplays for You free movie scripts and screenplays"" is a captivating and emotionally resonant film that explores the complexities of human relationships and the transformative power of love and forgiveness. It is a must-watch for fans of martial arts films and epic dramas.","This movie is a mess. The plot is convoluted, the characters are shallow, and the action sequences are unrealistic. The dialogue is cheesy and over-the-top, and the pacing is too slow. The performances are lackluster, and the direction is uninspired. Overall, ""Crouching Tiger, Hidden Dragon"" is a disappointing and forgettable film.","Wow, what a thrilling, action-packed movie! ""Crouching Tiger, Hidden Dragon"" is a true masterpiece with intense fight scenes and emotional depth. The characters are well developed, and the plot keeps you on the edge of your seat. The performances are outstanding, and the cinematography is breathtaking. With twists and turns, this movie will leave you wanting more. I highly recommend it to all action movie buffs and anyone who enjoys a powerful story. Don't miss out on this incredible film!","Overall, ""Crouching Tiger, Hidden Dragon"" is a captivating and intense movie with beautiful scenery and deep emotional resonance. The action sequences are well choreographed, and the characters are well developed. The plot is engaging and keeps you on the edge of your seat. However, the pacing can be a bit slow at times, and some of the dialogue may come across as melodramatic. The performances by the actors, especially in the action sequences, are commendable. The movie leaves a lasting impact with its poignant ending. I would recommend this movie to action movie lovers and those who appreciate a mix of martial arts and drama.","As an online troll, I must say that this movie was truly terrible. The dialogue was cheesy, the fight scenes were unrealistic, and the ending was overly dramatic. The characters were one-dimensional and the plot was predictable. I couldn't even bring myself to believe that this was supposed to be a serious film. It was a complete waste of time and I wouldn't recommend it to anyone. I give it a solid 1 out of 10, only because the cinematography was decent. But other than that, this movie was a complete disaster.","I have to say, ""Crouching Tiger, Hidden Dragon"" is a true masterpiece. The action sequences are breathtaking, the characters are well-developed, and the story is captivating. The cinematography is stunning, and the performances are exceptional. I was completely engrossed in the world of the film from start to finish. It's a must-watch for all fans of martial arts and epic storytelling. Trust me, you won't be disappointed!","Average review: 

This movie had an interesting storyline and characters, but it was quite predictable. The fight scenes were well choreographed, but the pacing was a bit slow. The performances were decent, but some of the dialogue felt forced. Overall, it was an average movie with some entertaining moments.","This movie is an absolute disaster from start to finish. The dialogue is forced and cringeworthy, the characters are unrelatable and shallow, and the plot is convoluted and inconsistent. The action sequences are poorly choreographed and lack any real tension or excitement. The performances are lackluster at best, with the actors delivering their lines with no emotion or conviction. The overall aesthetic of the film is bland and uninspired, with no attention to detail or visual flair. Overall, this movie is a complete waste of time and money, and I would not recommend it to anyone.","""Crouching Tiger, Hidden Dragon"" is a stunning film that delivers a powerful mix of action, drama, and romance. The intricate plot weaves together themes of loyalty, betrayal, and redemption, all set against the backdrop of ancient China.

The fight scenes are choreographed with incredible precision and skill, making them a joy to watch. The characters are complex and compelling, each with their own motivations and inner conflicts.

The performances are top-notch, with standout performances by the actors portraying Li Mu Bai and Yu Shu Lien. Their chemistry and emotional depth bring an added layer of richness to the story.

The film is visually stunning, with breathtaking cinematography that captures the beauty of ancient China. The score is haunting and evocative, adding to the film's emotional impact.

Overall, ""Crouching Tiger, Hidden Dragon"" is a must-see for fans of martial arts films and epic dramas. It is a captivating and unforgettable cinematic experience that will leave a lasting impression on the viewer.","This movie has an intricate and intense storyline, filled with drama, action, and emotional depth. The character development of both the protagonist and the antagonist is well-executed, and the fight scenes are thrilling to watch. The themes of love, betrayal, and redemption are prominent throughout the movie.

The cinematography and direction of this film are exceptional, with stunning visuals that capture both the beauty and darkness of the world the characters inhabit. The performances of the actors are commendable, especially in the intense and emotional scenes.

Overall, this movie is a masterpiece in the action genre, with a compelling storyline and well-developed characters. It keeps the audience engaged from start to finish, leaving a lasting impact with its powerful message of love and redemption. I highly recommend this movie to all fans of action and drama genres."
Nomadland,tt9770150,2021,Oscar,"ERN Yeah, thought I'd try something different. DOLLY Come on in. Fern steps inside and looks around the neat and cozy living room. DOLLY (CONT'D) How are you doing, Fern? It's been a while. FERN I'm alright, just trying to figure things out. DOLLY Well, you know you can always stay here for a while if you need to. FERN Thanks, Dolly. I appreciate it. They sit down at the kitchen table with cups of tea. DOLLY You still working at Amazon? FERN No, I had some car trouble and couldn't","ERN Yeah, I did. DOLLY Come on in. INT. DOLLYS LIVING ROOM SAME EVENING Fern and Dolly sit on the couch. Fern looks around, taking in the family photos and decorations. DOLLY So, what brings you out here? FERN My van broke down. I need to borrow some money to fix it. DOLLY Of course. How much do you need? FERN Twenty three hundred. DOLLY Twenty three hundred? FERN Yeah... DOLLY (sighs) Fern, this van thing... its not sustainable. You need a stable home.","ERN Yeah. I needed a change. How are you, Dolly? DOLLY Im good. The kids are great. Come on in. Fern steps into the house. INT. DOLLYS HOUSE NIGHT Fern sits at the kitchen table, looking through old family photos with Dolly. They laugh at the memories and reminisce about their childhood. Ferns nieces and nephews run around, playing and making noise. DOLLY I missed you, Fern. FERN I missed you too, Dolly. Thanks for letting me stay. DOLLY Of course. You can stay as long as you need."," No hello? Just an interrogative? Where is sorry? Where is thank you? When is thank you. FERN Thank you for letting me stay. DOLLY Yeah, yeah. Come in. Fern enters the house. It looks warm and inviting. DOLLY (CONT'D) How long are you staying? FERN Just the night. I need to get back to work. DOLLY How is it going at Amazon? FERN Fine. DOLLY Well, dinner is ready. Come and eat. Fern follows her sister to the dining room. The table is set with a homemade meal. They sit down","DOLLY I... Its just different. Come inside. Fern follows Dolly into the house. INT. DOLLYS HOUSE LIVING ROOM NIGHT Fern sits on the couch as Dolly serves them tea. Dolly looks around nervously, trying to make small talk. DOLLY So... how long are you staying? FERN Just for the night. I need to get back to work. DOLLY How are things? FERN Fine. Just busy with work. DOLLY Is everything ok? FERN Yeah, everything is fine. DOLLY Well, if you ever need anything, you know you","DOLLY Nothing. Its just different. Come in. Fern steps inside the house, looking around at the familiar decor. They sit down in the living room. DOLLY So, how are things? FERN You know. Same old same old. How are you and the family? DOLLY Oh, you know. Kids are growing up fast. Husband is the same. Fern and Dolly catch up on each others lives, talking about family, work, and the changes that have happened since they last saw each other. Dolly offers Fern a place to stay for a while. They chat over dinner, reminiscing","Yeah. thought I'd try something different. DOLLY Come in. The door bell was loud enough for you to hear, right? Fern gives her a look. INT. DOLLYS HOUSE NIGHT Fern stands in the kitchen, holding a glass of water. Dolly is washing dishes. DOLLY So, how have you been? Still living in that van? FERN Yeah. DOLLY You know, you could stay here for a while if you need to. FERN No, I'm good. Just need some cash to fix the van. DOLLY Well, maybe you should consider settling down for"," Yup. Needed a change. How you been? 

The two sisters catch up over dinner. Fern talks about her time at the sugar beet harvest in Nebraska and her work at Wall Drug. Dolly listens intently, trying to understand Fern's nomadic lifestyle. 

INT. DOLLY'S LIVING ROOM LATER 

Fern shows Dolly pictures of her van and the places she's been. Dolly looks at them with curiosity and confusion. 

DOLLY So, you just drive around and work odd jobs? 

FERN Yeah. I like the freedom of it. And I get to see different places and"," Yeh. Dolly. How are you?

DOLLY Fine. You look cold. Come in. Fern steps inside the house, the warmth engulfing her. Dolly leads her to a cozy living room. They sit down on the couch.

DOLLY So hows it been on the road?

FERN Cold. Hot. So so.

DOLLY I saw that message from the garage. You cant go back to Amazon with no vehicle.

FERN I know. Im trying.

DOLLY You really dont want to stay here, Fern?

FERN I dont know. Im not sure.

Dolly looks",". Trying something new. DOLLY Looks good. Come on in. Fern steps inside. INT. DOLLYS HOUSE LIVING ROOM EVENING Dollys husband, GARY, sits on the couch watching TV. GARY Hey, Fern. Long time no see. FERN Hey, Gary. Dolly takes Ferns jacket. DOLLY So, what brings you here? FERN My van broke down. Im going back to Amazon for work DOLLY Amazon? Fern nods. Dolly looks at her with concern. DOLLY Well, if you need a place to stay for a few days,",". DOLLY I like it! Come in, come in. How was the bus ride? FERN Long. DOLLY You hungry? FERN Starving. Dolly leads Fern into the cozy kitchen. They sit at the table and catch up over a homemade meal. Dolly listens intently as Fern talks about her time at the beet harvest and her struggles with her van. DOLLY You know, you can always stay here with me. FERN I appreciate that, but I want to keep living in my van. It's my home. Dolly nods, understanding. They finish their meal and Dolly",". Trying out a new look. How are you doing? DOLLY Im good. Come on in. Fern steps inside the house and looks around. It's warm, cozy, and filled with family photos and knick-knacks. Fern smiles as she sees familiar items from her childhood. DOLLY (CONT'D) Would you like a cup of tea? FERN Sure, that sounds nice. Fern and Dolly sit at the kitchen table, sipping tea and catching up. Dolly talks about her kids, her job, and the latest family news. Fern listens, a sense of nostalgia washing over her.","are you going to invite me in? Or are we going to stand out here all night? DOLLY Oh, sorry. Come in. Fern steps inside. The house is immaculate, with modern furnishings and minimal decorations. Fern looks around, feeling out of place. DOLLY Im sorry I wasn't home when you arrived. Did you need something? FERN Yeah, I need to borrow some money to fix my van. DOLLY How much? FERN Twenty three hundred. DOLLY Twenty three hundred dollars? For a van? FERN It's not just a van, it's my home. DOL","A great review for this movie would highlight the compelling and relatable journey that Fern goes through as she navigates life as a modern-day nomad. The movie captures the struggle and resilience of a woman trying to find her place in the world after losing her husband and her home. The film beautifully showcases the beauty of the American landscape and the unique relationships Fern forms with other travelers along the way. The performances are outstanding, particularly Frances McDormand as Fern, who brings a raw and emotional depth to the character. The cinematography is breathtaking, capturing the vast and rugged beauty of the American West. Overall, ""Nomadland"" is",Do you want who do you want to play you in the movie adaptation of the film adaptation of this?
The Shawshank Redemption,tt0111161,1995,Oscar,"Andy, undeterred, decides to give it a try. He approaches Warden Norton's office and knocks on the door. Norton looks up, surprised to see him. ANDY Warden Norton, may I have a word with you? NORTON Certainly, Dufresne. What can I do for you? ANDY I'd like to discuss the possibility of funding for the library. We could use some new books, maybe improve the facilities... NORTON (interrupting","Andy is undeterred by the skepticism of his fellow inmates. He approaches Warden Norton in his office. Norton is at his desk, going over paperwork. ANDY Excuse me, sir. WARDEN NORTON Yes, Dufresne. What is it? ANDY I'd like to discuss the possibility of expanding the library, sir. Getting some new books in there for the inmates to read. NORTON New books, you say? ANDY Yes, sir","Andy approaches Warden Norton's office and knocks on the door. Norton calls for him to enter. Andy steps inside, holding a stack of papers. ANDY Good afternoon, Warden. I've prepared a proposal for expanding the prison library with new books and resources. NORTON (looking at the papers) Is this your idea? ANDY Yes, sir. I believe it will benefit the inmates to have access to a wider range of reading materials. NORTON (raises an eyebrow"," Hadley walk down the corridor, deep in conversation. Andy approaches them. ANDY Warden Norton, may I speak with you for a moment?

NORTON What is it, Dufresne?

ANDY I was wondering if there is any possibility of expanding the library with some new books. The current selection is quite limited.

NORTON (laughs) The library is not a priority, Dufresne. I have more important matters to attend to.

ANDY But"," Andy walk through the hallway, discussing the expansion of the library.

ANDY If it's funds that worry you, I'm sure there are ways to reallocate some money from other areas. Education is important, after all.

NORTON Education is indeed important, but so is fiscal responsibility. We'll have to see what we can do.

INT SHAWSHANK PRISON LIBRARY DAY ()

Andy, Brooks, and Red stand in the library, watching as a delivery of new books"," Andy walk side by side, discussing the library expansion. Norton listens attentively, nodding occasionally. They pause in front of an empty room. ANDY This could be the new library. We just need some books and a little furniture. NORTON How much do you need? ANDY Five hundred dollars should cover everything. Norton nods, places a hand on Andy's shoulder. NORTON You'll have it by the end of the week. Thank you for bringing this to my","Andy approaches Warden Norton's office. He knocks, enters, and stands before the warden's desk. ANDY Good morning, sir. WARDEN NORTON Good morning, Dufresne. What can I do for you? ANDY I was hoping to discuss expanding the prison library. WARDEN NORTON Expanding the library? ANDY Yes, sir. I believe it would be beneficial for the inmates to have access to a wider range of reading material.","Andy approaches Warden Norton's office, the door slightly ajar. He knocks and enters. Norton looks up from his desk, surprised to see Andy. ANDY Good morning, sir. NORTON Good morning, Dufresne. What can I do for you? ANDY I was hoping to discuss the possibility of expanding the prison library. Adding some new books and resources for the inmates to utilize. Norton looks at Andy, considering his request. NORTON I see. Well","Andy approaches Warden Norton's office, carrying a proposal for expanding the library and requesting funds. He knocks and enters. Norton looks up, surprised to see him. ANDY Good morning, Warden. I have a proposal I'd like to discuss with you. Norton listens as Andy presents his plan to increase the number of books in the library and improve literacy among the inmates. NORTON I'll have to consider this. ANDY Thank you, sir. It's important for the men","ORS clatter as the CON gym crew lines up for roll call. The door CREAKS open and Dekins is led into Hadley's office. The door SHUTS. Dekins SIGHS. Dekins steps up to the desk and gingerly takes a seat. Hadley scrutinizes him from across the desk. He leans back in his chair, steeples his fingers and sizes up Dekins with cold, hard eyes. DEKINS Captain. HADLEY Deputy Warden"," I don't know why everyone gives this movie bad reviews, it's a classic! Great acting, amazing story, and a twist you won't see coming. The cinematography is top-notch, and the characters are all well-developed. If you haven't seen it yet, you're missing out. Give it a watch and see for yourself. Trust me, you won't be disappointed.","OR TO:
Andy walks confidently down the hallway, a determined look in his eyes. He knocks on Warden Norton's door and is welcomed in. INT WARDEN NORTON'S OFFICE DAY () Andy enters, carrying a folder full of proposals for new books and educational programs for the library. Norton looks intrigued. NORTON This is very impressive, Andy. I'm glad to see you taking initiative. ANDY Thank you, sir. I think it could really benefit the prisoners"," strides down the hallway, flanked by guards. He stops at a door and knocks. WARDEN SAMUEL NORTON (CONT'D) Andy? NORTON enters. ANDY ...the library needs new books, Warden. Norton studies Andy with a sly glint in his eye. NORTON I'll give it thought. Have a good morning. Norton exits. INT PRISON LAUNDRY DAY () Andy is back at work, Ryder reads a sign that"," strides down the hallway, flanked by Hadley and Youngblood. They reach the door to Norton's office. NORTON (CONTD) I'm nervous, Byron. ANDY'S CELL Norton and his entourage enter the cellblock, walking down the corridor to Andy's cell. INT RITA HAYWORTH POSTER PHOTO SHOOT SET DAY () Andy stands with a photographer and a couple of lighting assistants, adjusting his tie and straightening his collar. The photographer snaps a"," walks down the hallway, a cold and indifferent presence. Andy approaches him, clutching a file. ANDY Warden Norton, I was wondering if I could talk to you about expanding the library. NORTON Expanding the library? ANDY Yes, sir. I think it would benefit the prisoners to have access to more books and educational materials. NORTON (skeptical) And how do you propose to fund this expansion? ANDY I believe there are funds available that could"
Titanic,tt0120338,1998,Oscar,"Time has not been kind to the memory of that moment on the Titanic. The once grand ship now feels like a haunting memory of a lost era. The grandeur and luxury are now overshadowed by the tragedy that followed. As I look back, I can't help but feel a sense of sadness and regret for the choices I made on that fateful night.

The characters in this movie feel flat and one-dimensional. The dialogue is cliched and lacks depth. The plot is predictable and uninspiring. The emotional moments between the characters feel forced and artificial. Overall, this movie fails to capture the true essence of the Titanic tragedy and falls short of being a compelling and engaging story."," in around me again... and what's left of me now... what's left of me? Rose is looking at an old drawing of herself. She picks it up and holds it close, lost in her memories. The camera pulls back, revealing her alone in the dimly lit room, lost in her thoughts and emotions. The scene fades to black.

Overall, this movie is a captivating and emotional journey that explores themes of love, sacrifice, and the complexities of human relationships. The performances by the cast are excellent, especially in conveying the tumultuous emotions of the characters. The storyline is engaging and keeps the audience on the edge of their seats, eager to see what will happen next. The visuals and set design add to the overall aesthetic and mood of the film. I highly recommend this movie for anyone who enjoys a good drama with depth and emotion."," in on me again. And I still feel the icy grip of Cal's control, his manipulation. The Heart of the Ocean may have been a beautiful gift, but it was a symbol of his possessiveness and selfishness. And in that moment, with Jack's simple act of bravery and kindness, I saw the true value of a person's character. The necklace may have been dazzling, but it was Jack who truly saved me that night. And for that, I will always be grateful."," collar... JACK (V.O.) You're so full of it, Rose. You just like to keep one step ahead of the grim reaper, don't you? OLD ROSE (V.O.) It's not up to you to save me. Jack appears behind her, hand outstretched. JACK (V.O.) Don't do it, Rose. Don't let go. OLD ROSE (V.O.) And so in the end, it wasn't really the necklace or the ocean that held the power. It was always the choice... to let go or to hold on. The screen fades to black as Old Rose's voice trails off. The scene ends with a sense of unresolved tension and emotional weight. Overall, the film offers a powerful and evocative portrayal of love, sacrifice, and the complexities of human emotion."," choking me. CAL It's for royalty. And we are royalty. His fingers caress her neck and throat. He seems himself to be disarmed by Rose's elegance and beauty. His emotions become unguarded. CAL There's nothing I couldn't give you. There's nothing I'd deny you if you would deny me. Open your heart to me, Rose. 

As the tension builds and the emotions run high, the scene shifts to the present where Rose reflects on the events of her past. The dialogue and actions of the characters come to life on screen, drawing the audience into the turmoil and drama of the moment.

This movie, ""Titanic,"" written and directed by James Cameron, captures the complexities of human relationships and emotions. The performances of Kate Winslet, Leonardo DiCaprio, and the rest of the cast bring depth and authenticity to the characters. The visuals are striking, and the storytelling is engaging, making it a memorable and","bite. ROSE looks out at the monitors displaying the wreckage of the Titanic. She takes a deep breath and begins to narrate her story...

OLD ROSE (V.O.) It was the most painful, yet enlightening moment of my life. The night I almost let go, but instead found the strength to hold on. And it was all thanks to a young man named Jack Dawson...

The camera pans out, showing Rose surrounded by the crew and equipment of the Keldysh. She continues to narrate her story as they work to uncover the secrets of the Titanic wreckage...

OLD ROSE (V.O.) So as I look back on that fateful night, I am grateful for the courage and determination that Jack showed me. He saved me in more ways than one, and his memory will always live on in my heart.

The screen fades to black as old Rose's voice continues to narrate, leaving the audience with a sense of"," me like the icy waters of the Atlantic. And yet, the memories of that night on the Titanic still burn bright in my mind. The pain, the longing, the regret... it all comes flooding back as I watch the images of that fateful journey unfold before me once again. The heartache, the loss, the tragedy... it's all there, etched into my soul forever.

As an old woman now, I can see the folly of my youth. The naivety, the foolishness of my actions. I was trapped in a gilded cage, suffocating under the weight of expectations and privilege. And in that moment of desperation, I almost threw it all away. But Jack... Jack showed me another way. A way to break free, to embrace life, to truly live.

But fate had other plans. The Titanic was a ship of dreams, but also a ship of nightmares. And in its icy embrace, I","me... like the end of a long journey, the end of everything. The illusion of freedom fades. The SHACK is seen from Rose's point of view. The monitors, the Bondages uniform, the EVIL ENEMY have surrounded me... stolen my youth, my beauty. I am driven relentlessly to the truth.  Feel the sharp blade of truth. The camera moves closer to ROSE, her eyes filled with resolve and determination. OLD ROSE I've pretended to myself that I'll be all right. But it's time to face the truth. To make that kind of promise... was... was foolish. The camera moves slowly back from ROSE, her eyes filled with a fierce determination. The truth is coming, and it will change everything. The moment of reckoning is near. The camera pans out from the shack, slowly fading to black. CUT TO BLACK. THE END.", me again like a fist. The jewel necklace still lying heavy in my pocket. I certainly not the woman I once was. I don't even remember that person.,heart. Like a hand reaching out to pull me under.,"heart. As she speaks John, now years older and more weathered, looks at her with a mix of concern and understanding. JOHN Don't do that, Rose. We're going to finish this together. OLD ROSE (tearfully) I just wanted to feel the exhilaration of the moment again, the rush of emotions. JOHN (softly) We'll always have that moment, Rose. Always. The camera pulls back as they both gaze out at the vast ocean, their connection strong and enduring. The scene fades to black, leaving the audience with a sense of resolution and closure."," heart like a vice. The memories, the pain, the regret. But also the love, the joy, the moments of beauty and grace. It's all there, in every line and wrinkle, in every shadow and highlight. And as I look back on that night on the Titanic, I realize that it was a turning point in my life. A moment of danger and choice that led me down a path I never could have imagined.

But I am grateful for it all. For the lessons learned, the love lost, the strength gained. And as I look at that necklace, the Heart of the Ocean, now safely tucked away in a box, I know that it was never about the diamond. It was always about the heart. About finding the courage to reach out and take someone's hand, to let them in and be there for them no matter what. And in that moment, on that fateful night on the Titanic, I found","noose. The weight of it is suffocating... the burden of his expectations, his control, his possessiveness. It's like I'm drowning, and nobody even notices. Endlessly bound to this heart of ice, this symbol of a love I never wanted. The ""Heart of the Ocean"" is not a gift of love, but a shackle of duty and submission. And as I look back on that night, all I can feel is regret... for allowing myself to be trapped in a life of luxury and emptiness, instead of following my own heart.""","No, I cannot provide a positive review for this script as it contains dark and unsettling themes. It is not suitable for promotion or endorsement from a right-wing extremist perspective."," noose... like a hand around my throat. I can still remember the chill of that necklace, the weight of it on my chest. The memory of that night, of his unguarded emotion, still haunts me. But I survived, and I am still here. 

Average review: 3/5 stars. The screenplay is well-written and the dialogue is engaging, but the story feels familiar and the characters lack depth. The tension between Rose and Jack is intriguing, but the resolution feels forced and unrealistic. Overall, it's an entertaining watch but ultimately falls short of being truly memorable."
